GROUP,PACKAGE,CLASS,INSTRUCTION_MISSED,INSTRUCTION_COVERED,BRANCH_MISSED,BRANCH_COVERED,LINE_MISSED,LINE_COVERED,COMPLEXITY_MISSED,COMPLEXITY_COVERED,METHOD_MISSED,METHOD_COVERED
com.mackenziehigh:sexpr,com.mackenziehigh.sexpr.util,StringPrinter,234,0,12,0,53,0,22,0,16,0
com.mackenziehigh:sexpr,com.mackenziehigh.sexpr.util,OutputFile,43,0,0,0,11,0,5,0,5,0
com.mackenziehigh:sexpr,com.mackenziehigh.sexpr.internal.schema,InternalMatchNode,0,49,0,0,0,10,0,6,0,6
com.mackenziehigh:sexpr,com.mackenziehigh.sexpr.internal.schema,InternalAnnotator,13,691,1,53,3,129,1,44,0,18
com.mackenziehigh:sexpr,com.mackenziehigh.sexpr.internal.schema,InternalSchema.Rule,0,17,0,0,0,3,0,2,0,2
com.mackenziehigh:sexpr,com.mackenziehigh.sexpr.internal.schema,InternalSchemaParser,40,1062,6,10,4,155,4,33,0,29
com.mackenziehigh:sexpr,com.mackenziehigh.sexpr.internal.schema,InternalSchemaParser.new InternalSchema.SequenceElement() {...},0,24,0,0,0,4,0,4,0,4
com.mackenziehigh:sexpr,com.mackenziehigh.sexpr.internal.schema,InternalMatch,10,132,1,9,2,22,3,14,2,10
com.mackenziehigh:sexpr,com.mackenziehigh.sexpr.internal.schema,InternalSchemaParser.new InternalSchema.SequenceElement() {...},0,25,0,0,0,4,0,4,0,4
com.mackenziehigh:sexpr,com.mackenziehigh.sexpr.internal.schema,InternalSchemaParser.new InternalSchema.SequenceElement() {...},0,17,0,0,0,4,0,4,0,4
com.mackenziehigh:sexpr,com.mackenziehigh.sexpr.internal.schema,InternalSchema.new InternalSchema.Rule() {...},0,51,0,4,0,4,0,6,0,4
com.mackenziehigh:sexpr,com.mackenziehigh.sexpr.internal.schema,InternalSchema.new InternalSchema.Rule() {...},0,51,0,4,0,4,0,6,0,4
com.mackenziehigh:sexpr,com.mackenziehigh.sexpr.internal.schema,InternalSchema.new InternalSchema.Rule() {...},0,21,0,0,0,2,0,2,0,2
com.mackenziehigh:sexpr,com.mackenziehigh.sexpr.internal.schema,InternalSchema.new InternalSchema.Rule() {...},0,45,0,4,0,5,0,5,0,3
com.mackenziehigh:sexpr,com.mackenziehigh.sexpr.internal.schema,InternalSchema.new InternalSchema.Rule() {...},0,29,0,2,0,4,0,3,0,2
com.mackenziehigh:sexpr,com.mackenziehigh.sexpr.internal.schema,InternalSchema.MatchState,4,77,0,4,1,18,1,6,1,4
com.mackenziehigh:sexpr,com.mackenziehigh.sexpr.internal.schema,InternalSchema.new InternalSchema.Rule() {...},0,19,0,0,0,2,0,2,0,2
com.mackenziehigh:sexpr,com.mackenziehigh.sexpr.internal.schema,InternalSchema.new InternalSchema.Rule() {...},0,39,0,4,0,4,0,4,0,2
com.mackenziehigh:sexpr,com.mackenziehigh.sexpr.internal.schema,InternalSchema,32,920,17,69,6,153,18,69,1,43
com.mackenziehigh:sexpr,com.mackenziehigh.sexpr.internal,Parser,19,44,1,3,6,10,3,2,2,1
com.mackenziehigh:sexpr,com.mackenziehigh.sexpr.internal,LexerStack,7,234,3,5,1,51,3,12,0,11
com.mackenziehigh:sexpr,com.mackenziehigh.sexpr.internal,Lexer,301,613,42,54,82,160,40,41,10,14
com.mackenziehigh:sexpr,com.mackenziehigh.sexpr.internal,Escaper,5,928,9,165,1,169,9,82,0,4
com.mackenziehigh:sexpr,com.mackenziehigh.sexpr.exceptions,InvalidSchemaException,4,0,0,0,2,0,1,0,1,0
com.mackenziehigh:sexpr,com.mackenziehigh.sexpr.exceptions,ParsingFailedException,7,29,0,0,2,4,2,1,2,1
com.mackenziehigh:sexpr,com.mackenziehigh.sexpr,SourceLocation,25,31,0,0,2,9,2,5,2,5
com.mackenziehigh:sexpr,com.mackenziehigh.sexpr,Sexpr,0,34,0,6,0,7,0,6,0,3
com.mackenziehigh:sexpr,com.mackenziehigh.sexpr,Schema.Builder,5,147,1,1,1,44,1,10,0,10
com.mackenziehigh:sexpr,com.mackenziehigh.sexpr,SAtom,0,668,3,90,0,162,3,88,0,44
com.mackenziehigh:sexpr,com.mackenziehigh.sexpr,SList,71,492,3,35,17,85,6,63,4,46
com.mackenziehigh:sexpr,com.mackenziehigh.sexpr,Schema,0,15,0,0,0,5,0,3,0,3
com.mackenziehigh:sexpr,com.mackenziehigh.sexpr,SList.Mutator,0,181,0,12,0,38,0,17,0,11
